Dialog ID|Text|Text_EN
D1|Tengo que asegurarme de dejar las llaves en la entrada.|I need to make sure I leave the keys by the door.
D1|Últimamente nunca las encuentro.|I can never find them lately.
D2|Me tocará prepararme la cena.|Guess I’ll have to make dinner.
D2|Voy a ver qué tengo en la nevera.|Let’s see what’s in the fridge.
D2.1|Perfecto, al micro.|Perfect, microwave it is.
D3|También tengo que dar de comer a Bowe.|I should feed Bowe too.
D3|Creo que su comida estaba en el armario.|I think his food was in the cupboard.
D4|Genial, espero que no le importe que sea de gato...|Great… hope he doesn’t mind it’s cat food.
D4|Ya debería estar lista la comida.|Dinner should be ready by now.
D4.1|Qué hambre...|I’m starving...
D4.1|Qué ganas de cenar viendo el nuevo capítulo de Two Piece.|Can’t wait to eat while watching the new Two Piece episode.
D4.1|Venga, al salón.|Alright, to the living room.
D5|Uh...|Uh...
D5|¿Me he dormido?|Did I fall asleep?
D5|Bueno me subo a la cama.|I should just go to bed.
D6|#Oh...|#Oh...
D6|#Estás despierto.|#You’re awake.
D6|#Bueno no importa.|#Well, it doesn’t matter.
D6|#Igualmente nadie te va a creer.|#No one’s going to believe you anyway.
D7|¿Qué acaba de pasar?|What just happened?
D7|¿Ese era Bowe?|Was that… Bowe?
D7|¿Qué...?|What...?
D7|Sea lo que sea que le pase está claro que no me voy a quedar aquí.|Whatever’s wrong with him, I’m not staying here.
D7|Tengo que salir de esta casa.|I need to get out of this house.
D7|Menos mal que tengo las llaves localizadas.|At least I know where the keys are.
D8|¿Qué?|What?
D8|¿Por qué no están las llaves?|Why aren’t the keys here?
D8|Mierda... No tengo tiempo para esto.|Shit… no time for this.
D8|Tengo que buscar la copia de la llave.|I need to find the spare key.
D8|¿Dónde la puse?|Where did I put it?
D8|Creo que estaba en una caja metálica en el salón.|I think it was in a metal box in the living room.
D9|Ahora no tengo tiempo para jugar.|Not the time to play.
D9.1|No es momento de leer.|Not the time to read.
D9.2|Ahora no.|Not now.
D9.3|Tendré que leerlo en otro momento|I’ll read it later.
D11|Perfecto.|Great.
D11|No me lo creo.|You’ve got to be kidding me.
D11|Ahora no abre.|Now it won’t open.
D11|Pues al sótano a ver si encuentro un destornillador o un martillo o algo para abrirla.|Fine… I’ll check the basement for a screwdriver, a hammer, or something to open it.
D12|Bueno este martillo sirve.|This hammer will do.
D13|Se ha doblado la llave.|The key’s bent.
D13|No puedo más...|I can’t do this anymore...
D13|Creo que en el sótano puedo tener algo para enderezarla.|Maybe there’s something in the basement to fix it.
D14|Al fin.|Finally.
D14|Me voy de esta casa.|I’m getting out of this house.
D15|#¿Dónde te crees que vas?|#Where do you think you’re going?
